id,family,entry_setting,min_stop_atr,rr,base_trades,base_win_rate_pct,base_net_usd,base_profit_factor,base_closed_trade_max_drawdown_usd,base_average_full_week_usd,base_worst_full_week_usd,base_positive_weeks_pct,base_losing_weeks,base_days_at_least_20,base_days_at_least_20_pct,base_weeks_at_least_100,base_weeks_at_least_100_pct,base_H1_net_usd,base_H2_net_usd,stress_trades,stress_win_rate_pct,stress_net_usd,stress_profit_factor,stress_closed_trade_max_drawdown_usd,stress_average_full_week_usd,stress_worst_full_week_usd,stress_positive_weeks_pct,stress_losing_weeks,stress_days_at_least_20,stress_days_at_least_20_pct,stress_weeks_at_least_100,stress_weeks_at_least_100_pct,stress_H1_net_usd,stress_H2_net_usd,eligible,failed_gates
bands_2.5_stop0.75_rr0.60,bands,2.5,0.75,0.6,212,60.8491,4.349,1.0127023348461262,36.30800000000421,-0.14811764705882352,-15.325,43.13725490196079,28,0,0.0,0,0.0,3.423,0.926,212,59.434,-22.516,0.9388384853588112,49.8689999999904,-0.6784117647058823,-18.861,39.21568627450981,30,0,0.0,0,0.0,-1.737,-20.779,False,base_profit_factor|stress_profit_factor|positive_weeks_below_50
bands_2.5_stop0.75_rr0.85,bands,2.5,0.75,0.85,212,53.7736,-22.83,0.9446957052567947,73.17100000002053,-0.7792549019607843,-22.566,45.09803921568628,27,0,0.0,0,0.0,14.039,-36.869,212,52.3585,-55.181,0.8753881347626444,83.78099999999483,-1.4185882352941175,-23.796,43.13725490196079,28,0,0.0,0,0.0,-1.583,-53.598,False,win_rate_below_60|base_profit_factor|stress_profit_factor|negative_half_year|positive_weeks_below_50
bands_2.5_stop0.75_rr1.00,bands,2.5,0.75,1.0,212,50.0,-19.534,0.9555372450116278,73.36300000001222,-0.7735490196078432,-20.882,47.05882352941177,26,0,0.0,0,0.0,9.47,-29.004,212,49.5283,-34.335,0.9254539849062449,79.292000000007,-1.069627450980392,-22.082,45.09803921568628,27,1,0.3831417624521073,0,0.0,2.57,-36.905,False,win_rate_below_60|base_profit_factor|stress_profit_factor|negative_half_year|positive_weeks_below_50
bands_2.5_stop1.25_rr0.60,bands,2.5,1.25,0.6,215,58.6047,-79.886,0.8250128689555897,114.99800000003665,-1.829313725490196,-25.569,45.09803921568628,27,0,0.0,0,0.0,-8.537,-71.349,215,57.6744,-105.774,0.780514527367719,138.40599999999841,-2.340450980392157,-26.169,41.1764705882353,29,0,0.0,0,0.0,-13.517,-92.257,False,win_rate_below_60|base_profit_factor|stress_profit_factor|negative_half_year|positive_weeks_below_50
bands_2.5_stop1.25_rr0.85,bands,2.5,1.25,0.85,215,53.0233,-66.996,0.867912698882014,117.0270000000393,-1.687078431372549,-32.774,39.21568627450981,30,0,0.0,0,0.0,13.105,-80.101,215,51.6279,-101.569,0.8112282827682031,137.5909999999979,-2.3699803921568625,-34.004,37.254901960784316,31,0,0.0,0,0.0,-3.884,-97.685,False,win_rate_below_60|base_profit_factor|stress_profit_factor|negative_half_year|positive_weeks_below_50
bands_2.5_stop1.25_rr1.00,bands,2.5,1.25,1.0,215,50.2326,-43.608,0.9170594209678299,111.29700000002256,-1.2948235294117647,-30.844,35.294117647058826,32,1,0.3831417624521073,0,0.0,9.94,-53.548,215,49.7674,-63.913,0.8832059032066967,120.17600000001227,-1.6988039215686275,-32.044,35.294117647058826,32,1,0.3831417624521073,0,0.0,-1.863,-62.05,False,win_rate_below_60|base_profit_factor|stress_profit_factor|negative_half_year|positive_weeks_below_50
bands_2_stop0.75_rr0.60,bands,2.0,0.75,0.6,609,59.6059,-28.404,0.9704866522859746,85.93400000009376,-0.8707058823529412,-34.199,58.8235294117647,21,0,0.0,0,0.0,-1.415,-26.989,607,57.8254,-108.472,0.8950547887686289,153.90000000002235,-2.4159803921568628,-49.987,52.94117647058823,24,0,0.0,0,0.0,-25.712,-82.76,False,win_rate_below_60|base_profit_factor|stress_profit_factor|negative_half_year
bands_2_stop0.75_rr0.85,bands,2.0,0.75,0.85,606,51.3201,-55.725,0.9498782597118675,137.59500000006128,-1.5631372549019609,-51.122,45.09803921568628,28,1,0.3831417624521073,0,0.0,26.653,-82.378,604,49.6689,-148.118,0.8756196220001362,193.72300000001508,-3.3713333333333333,-53.242,39.21568627450981,31,1,0.3831417624521073,0,0.0,-34.341,-113.777,False,win_rate_below_60|base_profit_factor|stress_profit_factor|negative_half_year|positive_weeks_below_50
bands_2_stop0.75_rr1.00,bands,2.0,0.75,1.0,606,47.8548,-44.631,0.9621540903701002,115.60100000002943,-1.4509019607843139,-49.337,47.05882352941177,27,3,1.1494252873563218,0,0.0,-6.726,-37.905,603,46.6003,-136.876,0.8907024060865963,194.70300000001964,-3.192686274509804,-55.927,49.01960784313726,26,3,1.1494252873563218,0,0.0,-45.406,-91.47,False,win_rate_below_60|base_profit_factor|stress_profit_factor|negative_half_year|positive_weeks_below_50
bands_2_stop1.25_rr0.60,bands,2.0,1.25,0.6,607,59.8023,-27.251,0.9752438504800268,103.07800000007263,-0.9825686274509804,-32.811,54.90196078431372,23,0,0.0,0,0.0,14.58,-41.831,603,57.8773,-130.666,0.8891301451865014,179.67800000002205,-2.9907254901960783,-43.288,49.01960784313726,26,1,0.3831417624521073,0,0.0,-27.399,-103.267,False,win_rate_below_60|base_profit_factor|stress_profit_factor|negative_half_year
bands_2_stop1.25_rr0.85,bands,2.0,1.25,0.85,601,51.5807,-27.153,0.9781540040934323,108.97900000002718,-1.0874901960784313,-45.27,47.05882352941177,27,4,1.5325670498084292,0,0.0,11.414,-38.567,599,49.9165,-127.957,0.9026637263262103,174.183000000019,-3.055,-50.272,45.09803921568628,28,3,1.1494252873563218,0,0.0,-37.764,-90.193,False,win_rate_below_60|base_profit_factor|stress_profit_factor|negative_half_year|positive_weeks_below_50
bands_2_stop1.25_rr1.00,bands,2.0,1.25,1.0,601,48.9185,8.208,1.0063604338856074,98.92600000002821,-0.49792156862745096,-49.086,47.05882352941177,27,5,1.9157088122605364,0,0.0,19.873,-11.665,594,48.1481,-103.521,0.9232103860806763,152.83600000005683,-2.680823529411765,-49.176,43.13725490196079,29,5,1.9157088122605364,0,0.0,-39.512,-64.009,False,win_rate_below_60|base_profit_factor|stress_profit_factor|negative_half_year|positive_weeks_below_50
rsi2_10_stop0.75_rr0.60,rsi2,10.0,0.75,0.6,1140,58.9474,-221.833,0.8718705958457964,263.4450000002469,-4.417411764705882,-49.836,37.254901960784316,32,1,0.3831417624521073,0,0.0,-120.445,-101.388,1138,57.2935,-364.904,0.8040660809296334,402.8730000000709,-7.200372549019608,-51.996,27.45098039215686,37,1,0.3831417624521073,0,0.0,-206.769,-158.135,False,win_rate_below_60|base_profit_factor|stress_profit_factor|negative_half_year|positive_weeks_below_50
rsi2_10_stop0.75_rr0.85,rsi2,10.0,0.75,0.85,1128,50.5319,-259.784,0.8699385299043331,302.74800000025954,-5.435352941176471,-55.903,33.333333333333336,33,1,0.3831417624521073,0,0.0,-144.562,-115.222,1128,48.8475,-430.06,0.8001175888248641,466.22600000007134,-8.757137254901961,-65.269,27.45098039215686,37,2,0.7662835249042146,0,0.0,-227.074,-202.986,False,win_rate_below_60|base_profit_factor|stress_profit_factor|negative_half_year|positive_weeks_below_50
rsi2_10_stop0.75_rr1.00,rsi2,10.0,0.75,1.0,1125,46.1333,-354.782,0.8342015450693886,391.4770000002982,-7.462254901960784,-68.744,31.372549019607842,35,2,0.7662835249042146,0,0.0,-170.162,-184.62,1121,45.0491,-512.992,0.7748283093951036,549.0860000000489,-10.550666666666666,-72.108,27.45098039215686,37,2,0.7662835249042146,0,0.0,-250.032,-262.96,False,win_rate_below_60|base_profit_factor|stress_profit_factor|negative_half_year|positive_weeks_below_50
rsi2_10_stop1.25_rr0.60,rsi2,10.0,1.25,0.6,1102,59.6189,-123.327,0.9355653930772512,178.9820000002277,-2.7931568627450982,-51.727,43.13725490196079,29,4,1.5325670498084292,0,0.0,-71.01,-52.317,1094,56.7642,-352.904,0.8303724553753246,400.0760000000606,-7.280156862745098,-56.814,29.41176470588235,36,4,1.5325670498084292,0,0.0,-184.989,-167.915,False,win_rate_below_60|base_profit_factor|stress_profit_factor|negative_half_year|positive_weeks_below_50
rsi2_10_stop1.25_rr0.85,rsi2,10.0,1.25,0.85,1087,50.874,-203.402,0.9077748986054054,252.62600000028567,-4.719196078431373,-75.01,33.333333333333336,34,6,2.2988505747126435,0,0.0,-75.902,-127.5,1083,49.3075,-368.317,0.8422790081036355,406.2660000000427,-7.728411764705882,-77.684,33.333333333333336,34,6,2.2988505747126435,0,0.0,-155.716,-212.601,False,win_rate_below_60|base_profit_factor|stress_profit_factor|negative_half_year|positive_weeks_below_50
rsi2_10_stop1.25_rr1.00,rsi2,10.0,1.25,1.0,1081,46.9935,-244.25,0.8945347178322136,294.99200000029265,-5.507039215686275,-66.227,35.294117647058826,33,6,2.2988505747126435,0,0.0,-112.813,-131.437,1081,46.161,-398.834,0.83703427668059,436.96900000004507,-8.286980392156863,-69.027,31.372549019607842,35,6,2.2988505747126435,0,0.0,-188.022,-210.812,False,win_rate_below_60|base_profit_factor|stress_profit_factor|negative_half_year|positive_weeks_below_50
rsi2_20_stop0.75_rr0.60,rsi2,20.0,0.75,0.6,1943,58.3119,-445.666,0.850705309594738,467.4630000004697,-9.018117647058823,-62.69,33.333333333333336,34,4,1.5325670498084292,0,0.0,-201.0,-244.666,1921,56.481,-721.458,0.7758106942815063,738.0880000000468,-14.407764705882354,-66.33,25.49019607843137,38,4,1.5325670498084292,0,0.0,-355.234,-366.224,False,win_rate_below_60|base_profit_factor|stress_profit_factor|negative_half_year|positive_weeks_below_50
rsi2_20_stop0.75_rr0.85,rsi2,20.0,0.75,0.85,1905,50.9711,-403.669,0.880650115071807,445.42500000048847,-8.605450980392156,-80.372,35.294117647058826,33,7,2.681992337164751,0,0.0,-219.65,-184.019,1887,49.3906,-681.453,0.8106879903456607,721.2700000000435,-14.041313725490197,-82.202,27.45098039215686,37,6,2.2988505747126435,0,0.0,-379.159,-302.294,False,win_rate_below_60|base_profit_factor|stress_profit_factor|negative_half_year|positive_weeks_below_50
rsi2_20_stop0.75_rr1.00,rsi2,20.0,0.75,1.0,1884,47.0807,-503.88,0.8591472915455225,549.2200000005045,-10.493529411764706,-78.632,33.333333333333336,34,7,2.681992337164751,0,0.0,-288.303,-215.577,1870,45.8824,-783.282,0.7940341364775295,819.0350000000457,-15.958274509803921,-84.548,27.45098039215686,37,6,2.2988505747126435,0,0.0,-436.35,-346.932,False,win_rate_below_60|base_profit_factor|stress_profit_factor|negative_half_year|positive_weeks_below_50|drawdown
rsi2_20_stop1.25_rr0.60,rsi2,20.0,1.25,0.6,1822,58.2876,-337.893,0.8953368649224696,370.66600000041984,-6.904254901960784,-52.845,39.21568627450981,31,6,2.2988505747126435,0,0.0,-173.254,-164.639,1796,56.3474,-645.831,0.8127362793429919,671.1590000000476,-12.92813725490196,-64.742,21.568627450980394,40,5,1.9157088122605364,0,0.0,-361.706,-284.125,False,win_rate_below_60|base_profit_factor|stress_profit_factor|negative_half_year|positive_weeks_below_50
rsi2_20_stop1.25_rr0.85,rsi2,20.0,1.25,0.85,1762,50.7378,-389.063,0.8922111775807768,428.3480000004451,-8.21907843137255,-59.936,35.294117647058826,33,8,3.0651340996168583,0,0.0,-188.278,-200.785,1747,49.17,-664.99,0.8250464620442359,690.3510000000507,-13.395980392156863,-64.441,23.529411764705884,39,8,3.0651340996168583,0,0.0,-317.013,-347.977,False,win_rate_below_60|base_profit_factor|stress_profit_factor|negative_half_year|positive_weeks_below_50
rsi2_20_stop1.25_rr1.00,rsi2,20.0,1.25,1.0,1737,47.2078,-452.265,0.8790869785605533,483.44800000049713,-9.371941176470589,-70.88,27.45098039215686,37,8,3.0651340996168583,0,0.0,-245.056,-207.209,1725,46.3768,-657.813,0.8317951941118629,675.6900000000597,-13.137470588235294,-74.78,21.568627450980394,40,8,3.0651340996168583,0,0.0,-366.732,-291.081,False,win_rate_below_60|base_profit_factor|stress_profit_factor|negative_half_year|positive_weeks_below_50
sweep_12_stop0.75_rr0.60,sweep,12.0,0.75,0.6,529,58.2231,-104.909,0.8576572860597141,122.46100000013777,-2.1892156862745096,-37.653,43.13725490196079,29,0,0.0,0,0.0,-7.308,-97.601,529,57.0888,-153.809,0.8066365784974111,171.4010000000232,-3.1472549019607845,-39.193,39.21568627450981,31,0,0.0,0,0.0,-31.097,-122.712,False,win_rate_below_60|base_profit_factor|stress_profit_factor|negative_half_year|positive_weeks_below_50
sweep_12_stop0.75_rr0.85,sweep,12.0,0.75,0.85,527,50.4744,-119.517,0.8632911826774775,150.32300000009337,-2.5670980392156864,-37.179,43.13725490196079,29,0,0.0,0,0.0,-17.439,-102.078,527,48.9564,-182.017,0.8067860588992568,209.44700000002612,-3.7947450980392157,-38.694,33.333333333333336,34,0,0.0,0,0.0,-45.656,-136.361,False,win_rate_below_60|base_profit_factor|stress_profit_factor|negative_half_year|positive_weeks_below_50
sweep_12_stop0.75_rr1.00,sweep,12.0,0.75,1.0,526,46.1977,-154.597,0.8354673679481572,182.42100000012337,-3.3097254901960786,-36.895,41.1764705882353,30,0,0.0,0,0.0,-17.77,-136.827,526,44.8669,-242.237,0.7624307604192645,268.46400000002086,-5.0320784313725495,-38.395,35.294117647058826,33,0,0.0,0,0.0,-42.631,-199.606,False,win_rate_below_60|base_profit_factor|stress_profit_factor|negative_half_year|positive_weeks_below_50
sweep_12_stop1.25_rr0.60,sweep,12.0,1.25,0.6,518,58.8803,-93.698,0.8946158457510599,129.43100000005373,-2.134549019607843,-36.402,43.13725490196079,29,0,0.0,0,0.0,15.953,-109.651,518,56.9498,-166.084,0.8264806979052203,183.75700000001862,-3.5581960784313726,-37.302,35.294117647058826,33,0,0.0,0,0.0,-11.803,-154.281,False,win_rate_below_60|base_profit_factor|stress_profit_factor|negative_half_year|positive_weeks_below_50
sweep_12_stop1.25_rr0.85,sweep,12.0,1.25,0.85,517,52.8046,-72.855,0.9285749999263435,159.4770000000444,-1.8713725490196078,-28.594,47.05882352941177,27,1,0.3831417624521073,0,0.0,37.447,-110.302,517,51.0638,-138.003,0.8724261613126751,189.2439999999692,-3.156529411764706,-32.858,39.21568627450981,31,1,0.3831417624521073,0,0.0,9.116,-147.119,False,win_rate_below_60|base_profit_factor|stress_profit_factor|negative_half_year|positive_weeks_below_50
sweep_12_stop1.25_rr1.00,sweep,12.0,1.25,1.0,516,49.6124,-72.662,0.9324952921731304,180.61400000004141,-1.9548235294117648,-28.46,47.05882352941177,27,1,0.3831417624521073,0,0.0,60.542,-133.204,516,47.6744,-163.425,0.8579580023293292,219.12199999996724,-3.7442941176470588,-29.66,37.254901960784316,32,1,0.3831417624521073,0,0.0,22.403,-185.828,False,win_rate_below_60|base_profit_factor|stress_profit_factor|negative_half_year|positive_weeks_below_50
sweep_24_stop0.75_rr0.60,sweep,24.0,0.75,0.6,276,57.971,-62.687,0.8449715351246558,77.98800000004731,-1.303019607843137,-19.708,43.13725490196079,27,0,0.0,0,0.0,2.133,-64.82,276,56.5217,-92.533,0.7884524816533514,102.50700000001228,-1.8890196078431372,-20.855,39.21568627450981,29,0,0.0,0,0.0,-11.88,-80.653,False,win_rate_below_60|base_profit_factor|stress_profit_factor|negative_half_year|positive_weeks_below_50
sweep_24_stop0.75_rr0.85,sweep,24.0,0.75,0.85,276,52.1739,-25.581,0.9437769098727944,64.37700000004043,-0.6268823529411764,-23.078,50.98039215686274,23,0,0.0,0,0.0,3.484,-29.065,276,51.087,-49.435,0.8982249324724834,82.61100000001622,-1.0973529411764706,-24.393,50.98039215686274,23,0,0.0,0,0.0,-6.273,-43.162,False,win_rate_below_60|base_profit_factor|stress_profit_factor|negative_half_year
sweep_24_stop0.75_rr1.00,sweep,24.0,0.75,1.0,275,47.6364,-57.496,0.883743360272912,82.76100000005653,-1.2834705882352941,-29.844,50.98039215686274,23,0,0.0,0,0.0,4.714,-62.21,275,46.5455,-103.732,0.8068564363809567,124.07000000000195,-2.193980392156863,-30.644,45.09803921568628,26,0,0.0,0,0.0,-4.388,-99.344,False,win_rate_below_60|base_profit_factor|stress_profit_factor|negative_half_year
sweep_24_stop1.25_rr0.60,sweep,24.0,1.25,0.6,272,59.9265,-21.569,0.9532286114519047,71.39500000002266,-0.5347843137254902,-19.412,49.01960784313726,25,0,0.0,0,0.0,31.43,-52.999,272,58.0882,-63.331,0.8735130579278155,100.57299999998527,-1.3544313725490196,-22.583,45.09803921568628,27,0,0.0,0,0.0,20.743,-84.074,False,win_rate_below_60|base_profit_factor|stress_profit_factor|negative_half_year|positive_weeks_below_50
sweep_24_stop1.25_rr0.85,sweep,24.0,1.25,0.85,272,53.6765,-15.197,0.9713466886635509,82.70100000002229,-0.4770980392156863,-19.228,49.01960784313726,25,0,0.0,0,0.0,31.003,-46.2,272,52.9412,-40.653,0.9272624798711738,96.32099999998123,-0.9789803921568628,-20.343,47.05882352941177,26,0,0.0,0,0.0,22.613,-63.266,False,win_rate_below_60|base_profit_factor|stress_profit_factor|negative_half_year|positive_weeks_below_50
sweep_24_stop1.25_rr1.00,sweep,24.0,1.25,1.0,271,51.2915,1.726,1.0031265000768512,85.2860000000114,-0.18558823529411772,-35.635,49.01960784313726,25,0,0.0,0,0.0,48.742,-47.016,271,50.9225,-20.871,0.9639223373471468,91.4609999999788,-0.6325882352941177,-36.435,49.01960784313726,25,0,0.0,0,0.0,36.346,-57.217,False,win_rate_below_60|base_profit_factor|stress_profit_factor|negative_half_year|positive_weeks_below_50
